"Numero","Ano","Modalidade","Objeto","Data de Abertura"
"056","2026","Concorrência","Contratação de empresa especializada em construção civil para execução de pavimentação em bloquetes sextavados de concreto nas Ruas João Alves Motoso e São João, no Distrito de Ijicatu, com área aproximada de 3.104,67 m², no Município de José Gonçalves de Minas/MG.","2026-09-09"
"055","2026","Dispensa","Contratação de pessoa jurídica especializada para a prestação de serviços contínuos de coleta seletiva, recebimento, segregação, triagem, classificação, acondicionamento, armazenamento temporário e destinação ambientalmente adequada dos materiais recicláveis gerados no Município de José Gonçalves de Minas/MG.","2026-07-31"
"054","2026","Concorrência","Contratação de empresa  especializada para execução de obra de engenharia destinada à revitalização de canteiros  centrais e urbanização de vias, incluindo pavimentação, drenagem superficial, meios-fios,  sarjetas, paisagismo, iluminação pública e demais serviços previstos nos projetos  técnicos e documentos que integram o processo administrativo, na Comunidade de  Catutiba, Município de José Gonçalves de Minas/MG","2026-08-21"
"053","2026","Pregão Eletrônico","Registro de preços para futura e eventual aquisição de materiais  descartáveis e utensílios de copa/cozinha destinados à manutenção das  atividades das secretarias municipais e demais setores vinculados à  administração pública do Município de José Gonçalves de Minas/MG.","2026-08-19"
"052","2026","Credenciamento","Credenciamento de empresa especializada em serviços de hospedagem e alimentação para manutenção das diversas secretarias do município de José Gonçalves de Minas/MG, conforme especificações constantes no Termo de Referência Anexo I deste Edital.","2026-08-06"
"051","2026","Pregão Eletrônico","Registro de Preços para futura e eventual Contratação de empresa especializada para prestação de  serviços de despachante, compreendendo emplacamento, emissão de placas veiculares, registro  de veículos, transferência de propriedade, baixa de veículos, inspeção técnica de veículos do  transporte escolar e demais procedimentos de regularização documental da frota oficial do  Município de José Gonçalves de Minas/MG.","2026-08-13"
"050","2026","Dispensa","Contratação de empresa especializada para prestação de serviços técnicos continuados de consultoria e assessoria na gestão, operacionalização, qualificação e suporte do sistema e- SUS Atenção Primária à Saúde (e-SUS APS), incluindo implantação e/ou migração para ambiente de computação em nuvem, parametrização, suporte técnico contínuo, monitoramento, análise e avaliação de indicadores de desempenho da Atenção Primária à Saúde, bem como capacitação e treinamento presencial e/ou remoto das equipes de saúde, destinados ao atendimento das necessidades da Secretaria Municipal de Saúde do Município de José Gonçalves de Minas/MG.","2026-07-15"
"049","2026","Pregão Eletrônico","Registro de preços para futura e eventual aquisição de pré-moldados de concreto, compreendendo blocos estruturais, pisos intertravados, meios-fios, canaletas e demais materiais complementares destinados à execução, manutenção e conservação da infraestrutura urbana e rural, bem como à manutenção dos bens públicos do município de josé gonçalves de minas/mg.","2026-08-05"
"048","2026","Pregão Eletrônico","Registro de preços para futura e eventual contratação de empresa especializada para confecção, impressão e fornecimento de materiais gráficos diversos, destinados ao atendimento das demandas das secretarias municipais e demais órgãos da administração do município de josé gonçalves de minas/mg.","2026-08-10"
"047","2026","Inexigibilidade","Contratação direta, por inexigibilidade de licitação, de pessoa jurídica especializada para o fornecimento do insumo laboratorial Singeng Max S-3, destinado ao abastecimento do laboratório da Secretaria Municipal de Saúde do Município de José Gonçalves de Minas/MG, visando assegurar a continuidade da realização de exames laboratoriais essenciais à assistência, ao diagnóstico e ao acompanhamento clínico dos usuários do Sistema Único de Saúde (SUS).","2026-06-23"
"046","2026","Adesão à Ata","Registro de preço para futura e eventual aquisição de veículos da linha leve, afim de atender as necessidades dos entes consorciados ao ciminas","2026-07-14"
"045","2026","Inexigibilidade","Contratação do artista IGOR FERRARI, com a turnê ""O Xerife do Baile"", representado com exclusividade pela empresa Time Line Entretenimentos Ltda, para realização de apresentação musical no dia 11 de outubro de 2026, na Praça Pública José Lago Mendonça, no Município de José Gonçalves de Minas/MG, integrando a programação oficial da Tradicional Festa de Nossa Senhora Aparecida, promovida pela Secretaria Municipal de Cultura.","2026-06-22"
"044","2026","Dispensa","Contratação de empresa especializada para o fornecimento de equipamentos de sonorização, destinados ao atendimento das demandas da Secretaria Municipal de Esportes, Cultura, Lazer e Turismo do Município de José Gonçalves de Minas/MG.","2026-06-30"
"043","2026","Inexigibilidade","Contratação do SÉRGIO SILVA ESTILIZADO, representado com exclusividade pelo empresário Reginaldo Costa Batista (Chandon), para apresentação de show musical a ser realizado no dia 10 de outubro de 2026, na Praça Pública José Lago Mendonça, no Município de José Gonçalves de Minas, como parte integrante da programação oficial em comemoração à Tradicional Festa de Nossa Senhora Aparecida do Município de José Gonçalves de Minas, promovida pela Secretaria Municipal de Cultura.","2026-06-18"
"042","2026","Dispensa","Contratação de empresa especializada em construção civil para execução dos serviços de construção do ponto de apoio a saúde na comunidade do Brejo, no municpio de José Gonçalves de Minas/MG.","2026-06-15"
"041","2026","Pregão Eletrônico","Registro de preços para futura e eventual aquisição de materiais de limpeza, higiene e conservação destinados à manutenção das atividades das secretarias municipais e demais setores vinculados à administração pública do município de josé gonçalves de minas/mg","2026-07-01"
"040","2026","Credenciamento","Credenciamento de pessoa física ou jurídica para prestação de serviços médicos de forma complementar (art. 199 da CF/88), para a manutenção dos serviços de atenção à demanda espontânea, incluindo médicos plantonista para atendimentos de urgência e emergência na Unidade Básica de Saúde Julia Rodrigues Pereira, serviço de enfermagem regime plantonista 12x36, serviços médicos para realização de consultas especializadas para os pacientes do município de José Gonçalves de Minas","2026-06-17"
"039","2026","Adesão à Ata","Registro de preços para futura e eventual contratação de empresa para fornecimento de veículos diversos 0 km, novos, primeiro emplacamento, para atender a demanda dos municípios integrantes do consórcio intermunicipal multifinalitário da área mineira da sudene- cimams.","2026-06-15"
"038","2026","Pregão Eletrônico","Registro de preços para futura e eventual aquisição de bombas submersas, equipamentos elétricos e equipamentos hidráulicos destinados à manutenção, operação, ampliação e modernização do sistema de abastecimento hídrico do município de josé gonçalves de minas/mg","2026-06-22"
"037","2026","Concorrência","Contratação de empresa especializada em construção civil para execução dos serviços de reforma e ampliação do Campo Joaquim de Paulo, localizado no município de José Gonçalves de Minas.","2026-06-23"
"036","2026","Pregão Eletrônico","Registro de Preços para futura e eventual aquisição de Gêneros Alimentícios destinados ao  Programa Nacional de Alimentação Escolar - PNAE, para o preparo da Alimentação Escolar dos  alunos do Ensino Fundamental, Ensino Integral e Educação Infantil da Rede Municipal de Ensino  de José Gonçalves de Minas - MG para o ano letivo de 2026.","2026-06-19"
"035","2026","Dispensa","Contratação de empresa especializada em telecomunicações, que possua outorga da Agência Nacional de Telecomunicações (ANATEL), para a prestação de serviços de telefonia móvel com o fornecimento de linhas, de acesso móvel pós-pago, com atualização tecnológica de Gestão de dispositivo e proteção de celular atendendo a Lei LGPD, para atender às Secretarias do Município de José Gonçalves de Minas.","2026-05-29"
"034","2026","Pregão Eletrônico","Registro de preço para futura e eventual aquisição de combustível gasolina comum (proximidades da cidade de Curvelo/MG) e diesel S10 (proximidades da cidade de Curvelo/MG), a fim de atender às necessidades de reabastecimento da frota municipal de José Gonçalves de Minas – MG.","2026-06-15"
"033","2026","Dispensa","Contratação de empresa especializada para prestação de serviços de seguro veicular, com cobertura total (casco), responsabilidade civil facultativa (RCF), acidentes pessoais por passageiros (APP) e assistência 24 horas, para atendimento da frota oficial da Prefeitura Municipal de José Gonçalves de Minas – MG.","2026-05-15"
"032","2026","Concorrência","Contratação de empresa especializada em construção civil para execução dos serviços de calçamento em bloquetes sextavados de concreto na Rua Lapinha, localizada na Comunidade dos Paulinos, no Município de José Gonçalves de Minas/MG, conforme especificações constantes nos projetos técnicos, memorial descritivo, planilha orçamentária e demais documentos que integram o processo administrativo, em atendimento ao Convênio nº 1491000953/2023 – SEGUNDO TERMO ADITIVO – AMPLIAÇÃO DE META","2026-06-03"
"031","2026","Adesão à Ata","Aquisição de 01 (um) veículo automotor tipo Van Escolar, novo (zero quilômetro), com capacidade mínima para 15 (quinze) passageiros, destinado ao atendimento das necessidades do Município de José Gonçalves de Minas/MG, em cumprimento ao Plano de Trabalho do Convênio de Saída nº 1261001512/2025/SEE","2026-08-03"
"030","2026","Adesão à Ata","Aquisição de 02 (dois) veículos automotores, tipo minivan, com capacidade para 07  (sete) lugares, destinados à manutenção e ao aprimoramento dos serviços da  Secretaria Municipal de Saúde de José Gonçalves de Minas/MG.","2026-05-13"
"029","2026","Dispensa","Contratação de empresa especializada para execução de obras de engenharia consistentes na pavimentação de trechos críticos em vias públicas, compreendendo o Trecho do Morro de Estiva, Trecho do Morro da Comunidade de Córrego do Arrozal, Rua Paulista e Rua São Vicente, localizada no Bairro Neblina, bem como a execução de serviços de drenagem pluvial por meio de manilhamento nas Comunidades de Farinha Seca e Alegre, no Município de José Gonçalves de Minas/MG.","2026-05-04"
"028","2026","Dispensa","Contratação de empresa especializada para o fornecimento de equipamentos e mobiliário escolar, destinados ao atendimento dos alunos matriculados nas escolas da rede municipal de ensino, conforme especificações constantes no Plano de Aplicação de Recursos nº 000040/2022, no âmbito do Convênio nº 1261000451/2022 – Programa de Fortalecimento das Escolas Municipais, para utilização nas unidades escolares e na Secretaria Municipal de Educação.","2026-04-29"
"027","2026","Dispensa","Contratação de pessoa física ou jurídica especializada para a prestação de serviços de instrutor de karatê, compreendendo o planejamento, a organização e a execução de oficinas regulares no âmbito do Serviço de Convivência e Fortalecimento de Vínculos (SCFV), destinadas aos usuários atendidos pela Secretaria Municipal de Assistência Social, Habitação e Trabalho do Município de José Gonçalves de Minas/MG.","2026-04-22"
"026","2026","Inexigibilidade","Locação de imóvel situado na Rua Professora Juscelina Costa, 258, Centro, na sede do município de José Gonçalves de Minas/MG, para instalação e funcionamento da Secretaria Municipal de Saúde, compreendendo espaço físico adequado para o desenvolvimento das atividades administrativas, operacionais e de atendimento ao público, em conformidade com as necessidades institucionais da Administração Pública Municipal.","2026-03-31"
"025","2026","Dispensa","Contratação de empresa especializada no fornecimento de cortador de grama dirigível, destinado à manutenção das unidades esportivas vinculadas à Secretaria Municipal de Esporte, Cultura, Lazer e Turismo do Município de José Gonçalves de Minas/MG.","2026-04-09"
"024","2026","Concorrência","Contratação de empresa especializada para execução de obra de engenharia consistente na construção de 20 (vinte) unidades habitacionais de interesse social, a serem implantadas na Comunidade de Ijicatu, no município de José Gonçalves de Minas/MG, no âmbito do Programa Minha Casa, Minha Vida – MCMV / FNHIS Sub 50, compreendendo a execução integral dos serviços, conforme condições, quantidades e exigências estabelecidas no Edital e seus anexos.","2026-05-06"
"023","2026","Pregão Eletrônico","Registro de preço para futura e eventual aquisição de combustíveis, destinados à manutenção e ao regular funcionamento da frota de veículos e máquinas pertencentes ao município de josé gonçalves de minas/mg","2026-05-04"
"022","2026","Dispensa","Contratação de empresa especializada em engenharia para execução de serviços de ampliação da edificação e construção de muro de fechamento da Unidade Básica de Saúde Joana Dias, na comunidade Ijicatu, localizada no município de José Gonçalves de Minas/MG.","2026-04-07"
"021","2026","Chamada Pública","AQUISIÇÃO DE GÊNEROS ALIMENTÍCIOS DA AGRICULTURA FAMILIAR E DO EMPREENDEDOR FAMILIAR RURAL PARA UTILIZAÇÃO NA ALIMENTAÇÃO ESCOLAR DO ANO LETIVO DE 2026.","2026-04-06"
"020","2026","Concorrência","Contratação de empresa especializada em construção civil para execução dos serviços de pavimentação em bloquetes sextavados de concreto em trechos de morro, totalizando 2.652,00 m², nas comunidades de Córrego do Cipó, Farinha Seca, Ribeirão Pequeno e Córrego do Arrozal, no Município de José Gonçalves de Minas/MG, conforme especificações constantes nos projetos técnicos, memorial descritivo, planilha orçamentária e demais documentos que integram o presente instrumento.","2026-04-07"
"019","2026","Dispensa","Contratação de empresa especializada no fornecimento de materiais esportivos para atender às demandas da Secretaria Municipal de Esportes, Cultura, Lazer e Turismo do Município de José Gonçalves de Minas/MG.","2026-03-30"
"018","2026","Credenciamento","Credenciamento de empresa especializada para a prestação de serviços laboratoriais em Prótese Dentária, compreendendo a confecção, produção, moldagens, provas, ajustes, entrega e acompanhamento técnico das próteses dentárias (totais e parciais), conforme normas vigentes do Ministério da Saúde, diretrizes do Programa Brasil Sorridente para atendimentos aos usuários do SUS no município de José Gonçalves de Minas","2026-04-01"
"017","2026","Dispensa","Contratação de profissional(is) especializado(s) (Maestro) para ministrar oficinas artísticas nas áreas de música, dança, teatro, incluindo preparação de conteúdos, realização das aulas práticas e teóricas e orientação aos participantes, com o objetivo de promover o acesso à cultura, a formação artística e o fortalecimento das manifestações culturais do município de José Gonçalves de Minas/MG.","2026-03-19"
"016","2026","Credenciamento","Credenciamento de empresa especializada para prestação de serviços de máquinas pesadas e caminhões, inclusas as despesas com operadores e/ou motoristas, com encargos sociais, as despesas com a manutenção dos equipamentos, incluindo combustíveis e lubrificantes e demais despesas para manutenção dos serviços municipais, conforme especificações constantes no Termo de Referência Anexo I deste Edital.","2026-03-18"
"015","2026","Credenciamento","Credenciamento de pessoas jurídicas para prestação de serviço de transporte eventual (táxi), em veículo cuja capacidade mínima seja de 5 lugares, conforme especificações constantes no Termo de Referência Anexo I deste Edital.","2026-03-11"
"014","2026","Concorrência","Contratação de empresa especializada na execução de obras de engenharia para a construção de quadra poliesportiva na Escola Municipal Gangorras, localizada na Rua Professora Juscelina Costa, s/n, Centro, no município de José Gonçalves de Minas/MG, conforme projetos, planilhas orçamentárias, cronograma físico-financeiro, memorial descritivo e demais documentos técnicos que integram o presente processo.","2026-03-25"
"013","2026","Dispensa","Contratação de serviços técnicos especializados em assessoria e consultoria jurídica em planejamento e gestão nos procedimentos de compras, licitações e contratações públicas, para atender às demandas de alta relevância e complexidade da Administração Pública Municipal de José Gonçalves de Minas/MG.","2026-03-11"
"012","2026","Inexigibilidade","Contratação do MURIEL ALVES, representado com exclusividade pelo empresário Reginaldo Costa Batista (Chandon), para apresentação de show musical a ser realizado no dia 07 de março de 2026, na Praça Pública José Lago Mendonça, no Município de José Gonçalves de Minas, como parte integrante da programação oficial em comemoração ao 30º Aniversário de Emancipação Política do Município, promovida pela Secretaria Municipal de Cultura.","2026-02-25"
"011","2026","Inexigibilidade","Contratação do CANTOR CLAYTON QUEIROZ, representada pelo empresário exclusivo TRAVEL FAMILY VIAGENS E PRODUÇÕES DE EVENTOS LTDA para realização de show musical no dia 06 de março de 2026, na praça pública José Lago Mendonça na cidade de José Gonçalves de Minas-MG, em comemoração ao Dia do Evangélico, promovida pela Secretaria Municipal de Cultura do Município de José Gonçalves de Minas/MG.","2026-02-24"
"010","2026","Inexigibilidade","Contratação da banda Fricote representada pelo seu empresário exclusivo VERTON PRODUCOES LTDA para realização de show musical no dia 08 de março de 2026, na Praça José Lago de Mendonça no município de José Gonçalves de Minas/MG, como parte da programação do Aniversário de 30 anos da Cidade, promovida pela Secretaria Municipal de Cultura do Município de José Gonçalves de Minas/MG.","2026-02-24"
"009","2026","Credenciamento","Credenciamento de artistas nas categorias de cantor(a), dupla e bandas de renome local/regional pequeno e médio porte para apresentações musicais, em diferentes estilos, bem como locução para atender os eventos e festividades realizadas e apoiadas pelo município de José Gonçalves de Minas/MG.","2026-03-04"
"008","2026","Inexigibilidade","Contratação da banda Fuguetão Baiano representada pelo seu empresário exclusivo KARA EVENTOS E PROMOÇÕES LTDA para realização de show musical no dia 07 de março de 2026, na Praça José Lago de Mendonça no município de José Gonçalves de Minas/MG, como parte da programação do Aniversário de 30 anos da Cidade, promovida pela Secretaria Municipal de Cultura do Município de José Gonçalves de Minas/MG.","2026-02-23"
"007","2026","Dispensa","Contratação de Empresa Especializada para Prestação contínua de serviços de provimento de acesso à internet banda larga, com disponibilidade 24 (vinte e quatro) horas por dia, 7 (sete) dias por semana, de forma ILIMITADA, incluso fornecimento de equipamentos em comodato, destinados ao atendimento das diversas Secretarias, setores, órgãos integrantes da Administração Pública Municipal e entidades conveniadas.","2026-02-26"
"006","2026","Adesão à Ata","Adesão à Ata de Registro de Preços nº 001/2025, oriunda do Pregão Eletrônico nº 031/2024, cujo objeto consiste no Registro de preços para futura e eventual contratação de pessoa jurídica para prestação de serviços de transporte escolar, através do menor preço por quilometragem diária, para atender a demanda dos municípios consorciados ao União da Serra Geral conforme condições, quantidades e exigências estabelecidas neste Edital e seus anexos, adesão destinando-se, especificamente, a atender às","2026-01-28"
"005","2026","Pregão Eletrônico","Registro de preço para futura e eventual contratação de empresa  especializada para prestação de serviços de transporte com  fornecimento de veículos leves e pesados devidamente habilitados  para transporte de pessoas e equipamentos aferidos por km, para  atender às necessidades das secretarias municipais do município de José Gonçalves de Minas/MG.","2026-01-25"
"004","2026","Inexigibilidade","Contratação do Artista O Miozin do Goiás representada pelo seu empresário exclusivo E.P ARTISTAS E EVENTOS LTDA para realização de show musical no dia 07 de fevereiro de 2026, na praça pública na comunidade de Catutiba do município de José Gonçalves de Minas-MG, como parte da programação da tradicional Festa de São Brás, promovida pela Secretaria Municipal de Cultura do Município de José Gonçalves de Minas/MG.","2026-01-28"
"003","2026","Credenciamento","Credenciamento de pessoa jurídica ou pessoa física para execução de serviços terceirizados/fornecimento de mão de obra nas áreas de serviços de limpeza, mecânicos, construção, conservação e manutenção de equipamentos, sistema de abastecimento de água, vias, praças, canteiros, espaços e prédios públicos e logradouros em geral, no perímetro urbano e rural do município de José Gonçalves de Minas/MG","2026-02-04"
"002","2026","Credenciamento","Credenciamento de Instituição Financeira Pública ou Privada, inclusive sob a forma de Cooperativa de Crédito,  autorizada a funcionar pelo Banco Central do Brasil, para a prestação de serviços de centralização, processamento  e gerenciamento de créditos provenientes da folha de pagamento e a Concessão de Empréstimos Consignados  sem exclusividade  dos servidores ativos e empregados públicos da Administração Direta do município de José  Gonçalves de Minas..","2026-02-04"
"001","2026","Pregão Eletrônico","Registro de preço para futura e eventual contratação de empresa especializada para prestação de serviço de perfuração de poço artesianos, com teste de vazão, limpeza e desifecção, destinados a atender às necessidades do município de José Gonçalves de Minas/MG","2026-01-29"
"080","2025","Inexigibilidade","Contratação do artista Rodrigo Silva por meio de empresa própria para realização de show musical no dia 10 de janeiro de 2026, na praça pública da comunidade de Santa Rita de Cássia no município de José Gonçalves de Minas-MG, promovida pela Secretaria Municipal de Cultura do Município de José Gonçalves de Minas/MG.","2025-12-30"
"079","2025","Concorrência","Contratação de empresa especializada para a construção de 25 (vinte e cinco) Unidades Habitacionais, na Comunidade de Catutiba, no município de José Gonçalves de Minas/MG.","2026-01-20"
"078","2025","Contratatação direta","Contratação do Consórcio Público Intermunicipal de Saúde do Alto Jequitinhonha - CISAJE por meio de Contrato de Programa para prestação de serviços em saúde para usuários do Sistema Único de Saúde do Município de José Gonçalves de Minas/MG.","2025-12-10"
"077","2025","Pregão Eletrônico","Registro de preço para futura e eventual aquisição de gêneros alimentícios para subsidiar as atividades de todas as unidades administrativas e secretarias componentes da administração púbica municipal de José Gonçalves de Minas/MG.","2025-12-23"
"076","2025","Dispensa","Contratação de pessoa jurídica especializada para a prestação de serviços de planejamento, organização, execução e acompanhamento de Processo Seletivo Público para Agente Comunitário de Saúde e Processo Seletivo Simplificado ...","2025-12-10"
"075","2025","Pregão Eletrônico","Registro de preço para futura e eventual aquisição de medicamentos, medicamento básicos, e fórmulas, para atender a demanda dos serviços desempenhados pelas equipes de saúde nas unidades de saúde e abastecimento da farmácia básica, possibilitando o atendimento dos pacientes do sistema único de saúde (sus) do município de josé gonçalves de minas/mg","2025-12-12"
"074","2025","Pregão Eletrônico","Registro de preço para futura e eventual contratação de empresa especializada para prestação de serviço de perfuração de poço artesianos, com teste de vazão, limpeza e desifecção, destinados a atender às necessidades do municipio de josé gonçalves de minas/ mg","2025-12-12"
"073","2025","Pregão Eletrônico","Registro de preço para futura e eventual aquisição de gêneros alimentícios para subsidiar as atividades de todas as unidades administrativas e secretarias componentes da administração púbica municipal de josé gonçalves de minas/mg","2025-12-02"
"072","2025","Concorrência","Contratação de empresa especializada na execução de obras de engenharia para ampliação da Escola Municipal Gangorras, localizada na Rua Professora Juscelina Costa, s/n, Centro, no município de José Gonçalves de Minas/MG.","2025-12-04"
"071","2025","Pregão Eletrônico","Registro de preço para futura e eventual aquisição de materiais de expediente destinados a atender todas as secretarias e demais órgãos da administração pública do Município de José Gonçalves de Minas/MG.","2025-10-24"
"070","2025","Inexigibilidade","Contratação da BANDA FRICOTE, representada por seu empresário exclusivo VERTON PRODUÇÕES, para a realização de show musical no dia 25 de outubro de 2025, na praça pública da comunidade de Ijicatu, no município de José Gonçalves de Minas/MG...","2025-10-20"
"069","2025","Dispensa","Contratação de empresa especializada para a execução da obra de construção de aterro sanitário, contemplando a implantação do sistema de manejo e tratamento de chorume, construção de valas para disposição de resíduos, e edificação de guarita para controle de acesso...","2025-10-07"
"068","2025","Pregão Eletrônico","Aquisição de Brinquedos Pedagógicos Conforme Termo de Compromisso PAR nº 201305335 firmado entre o Ministério da Educação por meio do Fundo Nacional de Desenvolvimento da Educação (FNDE) e o Município de José Gonçalves de Minas - Minas Gerais.","2025-09-26"
"067","2025","Pregão Eletrônico","Registro de Preços para futura e eventual aquisição de materiais e equipamentos permanentes, destinados à manutenção das Secretarias e demais setores do Município de José Gonçalves de Minas/MG, referente aos itens frustrados do Processo Administrativo nº 052/2025 – Pregão Eletrônico nº 014/2025.","2025-10-23"
"066","2025","Dispensa","Contratação de profissional artista plástico para ministrar aulas semanais nas oficinas de artes promovidas pela Secretaria Municipal de Cultura, com especialização em técnicas de pintura e arte em barro, visando o desenvolvimento artístico...","2025-09-23"
"065","2025","Dispensa","Contratação de empresa especializada para a execução de serviços de pavimentação em bloquetes sextavados, a serem realizados nas Ruas Sucupira e João Alves Motoso, na comunidade de Ijicatu, e no trecho Morro, sentido Córrego do Arrozal, na comunidade de Ribeirão Pequeno...","2025-09-19"
"064","2025","Concorrência","CONTRATAÇÃO DE EMPRESA ESPECIALIZADA PARA A CONSTRUÇÃO DE UMA UNIDADE DE ATENDIMENTO PARA EQUIPES MULTIPROFISSIONAIS DA ATENÇÃO PRIMÁRIA À SAÚDE, LOCALIZADA NA TRAVESSA AFONSO CALDEIRA, BAIRRO CENTRO, NO MUNICÍPIO DE JOSÉ GONÇALVES DE MINAS/MG.","2025-09-16"
"063","2025","Credenciamento","Credenciamento de empresa especializada em realização de serviços de exames de imagem necessários para atendimento dos pacientes que por motivos diversos não estão sendo ofertados pelo Sistema Único de Saúde ...","2025-09-03"
"062","2025","Inexigibilidade","Contratação da banda BAMBALADA por meio da empresa 55.636.035 ADRIEL JABES LOPES SILVA para realização de show musical no dia 10 de outubro de 2025, a realizar-se na praça pública José Lago de Mendonça em comemoração à Festa Nossa Senhora Aparecida do município de José Gonçalves de Minas-MG...","2025-08-25"
"061","2025","Adesão à Ata","ADESÃO À ATA DE REGISTRO DE PREÇOS N.º 003/2025, REFERENTE AO EDITAL Nº 001/2025, PROCEDIMENTO LICITATÓRIO Nº 001/2025, PREGÃO ELETRÔNICO POR REGISTRO DE PREÇO 001/2025 PARA CONTRATAÇÃO DE EMPRESA PARA FORNECIMENTO DE LICENÇA DE USO DE SISTEMA INTEGRADO...","2025-09-01"
"060","2025","Pregão Eletrônico","Registro de preço para futura e eventual aquisição de materiais de informatica e perifericos em atendimentos a secretarias e orgãos da adminstração pública de José Gonçalves de Mina/MG.","2025-09-17"
"059","2025","Inexigibilidade","Contratação, por inexigibilidade de licitação, de empresa especializada para prestação de serviços de assessoria singular contábil/orçamentária, financeira e auditoria contábil, defesa no TCEMG em processos de prestação de contas, treinamento e atualização...","2025-08-07"
"058","2025","Inexigibilidade","Contratação da dupla JOÃO LUCAS & DIOGO por meio da empresa JL&A PRODUÇOES ARTISTICAS para realização de show musical no dia 10 de outubro de 2025, a realizar-se na praça pública José Lago de Mendonça em comemoração à Festa Nossa Senhora Aparecida do município de José Gonçalves de Minas-MG.","2025-08-12"
"057","2025","Pregão Eletrônico","Registro de preço para futura e eventual aquisição de gás liquefeito de petróleo – glp e botijões para manutenção dos serviços municipais.","2025-09-15"
"056","2025","Concorrência","Contratação de empresa especializada para realizar a revitalização da Praça São Sebastião, na Rua São Sebastião, no bairro Centro, no município de José Gonçalves de Minas/MG.","2025-08-11"
"055","2025","Pregão Eletrônico","Registro de preços para aquisição de gêneros alimentícios relacionados a padarias e lanchonetes para atendimento das Secretarias e Setores da Administração Pública Municipal no Município de José Gonçalves De Minas/MG.","2025-08-04"
"054","2025","Dispensa","Contratação de empresa especializada para execução dos serviços especializados de conserto, revestimento e reforma de estofados dos bancos dos veículos da frota de transporte escolar do Município de José Gonçalves de Minas, especialmente aqueles vinculados ao Programa Caminho da Escola.","2025-08-07"
"053","2025","Pregão Eletrônico","Registro de preço para futura e eventual aquisição de materiais e equipamentos permanentes para manutenção das Secretarias E Demais Setores Do Município De José Gonçalves De Minas – MG.","2025-08-21"
"052","2025","Concorrência","Contratação de empresa especializada para realizar a revitalização da Praça Nossa Senhora Aparecida da Comunidade de Ijicatu, no município de José Gonçalves de Minas/MG","2025-08-14"
"051","2025","Inexigibilidade","Contratação do profissional artístico GUILHERME SILVA por meio da empresa TIRA O PE PRODUCOES LTDA para se APRESENTAR NA NOITE DO DIA 11 DE OUTUBRO DE 2025 (SÁBADO) para realização da tradicional Festa de Nossa Senhora Aparecida do município de José Gonçalves de Minas-MG.","2025-07-09"
"050","2025","Dispensa","Contratação de empresa especializada para a prestação de serviços de consultoria e assessoria técnica em gestão educacional e pedagógica, apoio administrativo, com o objetivo de orientar as ações da Secretaria Municipal de Educação do Município de José Gonçalves de Minas/MG.","2025-07-10"
"049","2025","Concorrência","Contratação de empresa especializada para a execução da reconstrução de pontilhões e encabeçamentos de ponte situados em zonas rurais do município de José Gonçalves de Minas/MG, em razão dos danos causados pelas intensas chuvas ocorridas em janeiro de 2025, em atendimento a Secretaria Municipal de Obras.","2025-07-15"
"048","2025","Adesão à Ata","Adesão à Ata de Registro de Preços nº 220/2024 - SECCOMPRAS/AP - Processo Administrativo nº 00013/SECCOMPRAS/2024 - do Pregão Eletrônico nº 071/2024-SECCOMPRAS/AP, para aquisição de Caminhão Carga Tipo: Toco (4x2), EQUIPADO COM CARROCERIA DE MADEIRA para atender as necessidades do Município de José Gonçalves de Minas/MG.","2025-06-12"
"047","2025","Inexigibilidade","Locação de imóvel situado na Rua São Sebastião, 390, Centro, na sede do município de José Gonçalves de Minas/MG, para o Programa de Aluguel Social, visando atender às necessidades da Secretaria Municipal de Assistência Social, Habitação e Trabalho","2025-05-28"
"046","2025","Inexigibilidade","Locação de imóvel situado na Rua Ana Santos Carvalho, 195, Centro, para instalação e funcionamento da Secretaria Municipal de Políticas Públicas para Mulheres na sede do município de José Gonçalves de Minas/MG.;","2025-05-27"
"045","2025","Pregão Eletrônico","Contratação de instituição financeira pública ou privada, inclusive sob a forma de cooperativa de crédito, autorizada a funcionar pelo banco central do brasil, para a prestação de serviços de centralização, processamento e gerenciamento de créditos provenientes de 100% da folha de pagamento dos servidores e empregados públicos da administração direta do município de josé gonçalves de minas/mg, com duração de 60 meses","2025-05-26"
"044","2025","Pregão Eletrônico","Registro de preço para futura e eventual aquisição de gêneros alimentícios destinados ao programa nacional de alimentação escolar - pnae, para o preparo da alimentação escolar dos alunos do ensino fundamental, ensino integral e educação infantil da rede municipal de ensino de josé gonçalves de minas - mg para o ano letivo de 2025","2025-06-17"
"043","2025","Adesão à Ata","Adesão à Ata de Registro de Preços nº 009/2025 - Processo Licitatório nº 010/2025 - do Pregão Presencial nº 005/2025 (REGISTRO DE PREÇO PARA FUTURA E EVENTUAL AQUISIÇÃO DE VEÍCULOS 0KM), para aquisição de Veículo 07 (sete) lugares de acordo com a Resolução 9.798 em atendimento à Secretaria de Saúde de José Gonçalves de Minas/MG.","2025-05-23"
"042","2025","Dispensa","Contratação de empresa especializada no fornecimento de livros de literatura, jogos pedagógicos literários e tapete emborrachado e demais equipamentos que serviram para compor o cantinho de leitura para manutenção da rede municipal de ensino do município de José Gonçalves de Minas/MG.","2025-05-28"
"041","2025","Pregão Eletrônico","Registro de Preços para aquisição de combustível Gasolina Comum, Diesel S10 nas proximidades da cidade de Curvelo/MG, a fim de atender às necessidades de reabastecimento da frota municipal de José Gonçalves de Minas – MG.","2025-06-05"
"040","2025","Credenciamento","Credenciamento de empresa especializada em serviços de hospedagem e alimentação para manutenção das diversas secretarias do município de José Gonçalves de Minas/MG, conforme especificações constantes no Termo de Referência Anexo I deste Edital.","2025-05-26"
"039","2025","Dispensa","Contratação de empresa especializada para a execução de serviços de manutenção, reparos e ampliação do Centro de Educação Rosarinha Costa, localizada no município de José Gonçalves de Minas/MG, em atendimento a Secretaria Municipal de Educação.","2025-05-15"
"038","2025","Pregão Eletrônico","Registro de preço para futura e eventual aquisição de gás liquefeito de petróleo – glp e botijões para manutenção dos serviços municipais.","2025-06-02"
"037","2025","Adesão à Ata","Adesão à Ata de Registro de Preços nº 025/2025 - Processo Administrativo nº 024/2025 - do Pregão Eletrônico nº 14/2025 (REGISTRO DE PREÇO PARA FUTURA E EVENTUAL AQUISIÇÃO DE VEÍCULOS DA LINHA LEVE, AFIM DE ATENDER AS NECESSIDADES DOS ENTES CONSORCIADOS AO CIMINAS) – de acordo com as Resoluções 9.552 e 9.798 em atendimento à Secretaria de Saúde de José Gonçalves de Minas/MG.","2025-04-16"
"036","2025","Pregão Eletrônico","Registro de preço para futura e eventual aquisição de peças/componentes e serviços para veículos leves, roçadeira lateral e motosserra de diversas marcas em atendimento as secretarias e setores da administração pública municipal de José Gonçalves de Minas/MG.","2025-04-16"
"035","2025","Pregão Eletrônico","Registro de Preços para futura e eventual aquisição de equipamentos e materiais permanentes para manutenção dos estabelecimentos de saúde (unidades básicas e postos de saúde) nos termos da RESOLUÇÃO 8095/2022 em atendimento ao Município de José Gonçalves de Minas – MG.","2025-05-22"
"034","2025","Chamada Pública","Locação de imóvel destinado ao funcionamento do Serviço da Equipe Multidisciplinar e Grupo Operacional da Atenção Primária na Comunidade de Ijicatu, visando atender às necessidades da Secretaria Municipal de Saúde, município de José Gonçalves de Minas-MG.","2025-04-25"
"033","2025","Pregão Eletrônico","Registro de preço para futura e eventual aquisição de material de higiene, limpeza, copa/cozinha e descartável destinados a suprir às necessidades das secretarias e órgãos públicos pertencentes ao município de José Gonçalves de Minas-MG.","2025-04-25"
"032","2025","Contratatação direta","Contratação de empresa especializada em fornecimento de gêneros alimenticios, visando a aquisição de cestas de alimentos, voltado para atendimento da portaria nº 522/2025, para distribuição as famílias atingidas por situações de emergência nos termos do decreto municipal","2025-04-15"
"031","2025","Credenciamento","Credenciamento de pessoa jurídica ou pessoa física para prestação de serviços médicos, plantonistas e especialistas, e serviços de enfermagem; técnicos e enfermeiros de forma complementar (art. 199 da CF/88), ambos para atender a demanda de serviços da Secretaria Municipal de Saúde do município de José Gonçalves de Minas/MG, conforme especificações constantes no Termo de Referência Anexo I deste Edital","2025-04-08"
"030","2025","Inexigibilidade","Contratação direta, por inexigibilidade de licitação, de pessoa jurídica especializada no fornecimento do insumo laboratorial singeng max s-3, conforme as necessidades da secretaria municipal de saúde do municipio de josé gonçalves de minas-m","2025-04-08"
"029","2025","Pregão Eletrônico","Aquisição de combustíveis (Etanol hidratado, gasolina aditivada, diesel comum s-500, óleo diesel s-10 e arla 32), a fim de atender ás necessidades de abastecimento da frota municipal do município.","2025-04-10"
"028","2025","Chamada Pública","Chamada Pública para aquisição de Gêneros Alimentícios da Agricultura Familiar e do empreendedor familiar em atendimento ao Programa Nacional de Alimentação Escolar – PNAE no ano letivo de 2025","2025-04-30"
"027","2025","Inexigibilidade","Locação de imóvel para funcionamento do CENTRO DE ESPECIALIDADES atendendo as necessidades da Secretaria Municipal de Saúde de José Gonçalves de Minas/MG.","2025-03-13"
"026","2025","Pregão Eletrônico","Registro de preços para aquisição de material gráfico, para atender as demandas das secretarias municipais e órgãos pertencentes a prefeitura municipal de José Gonçalves de Minas – MG.","2025-03-14"
"025","2025","Pregão Eletrônico","Registro de preços para futura e eventual contratação de empresa especializada para prestação de serviços de arbitragem esportiva na modalidade futebol (campo e futsal), para atender as necessidades da secretaria municipal de esporte, cultura lazer e turismo do município de josé gonçalves de minas/mg.","2025-04-04"
"024","2025","Pregão Eletrônico","Registro de preços para futura e eventual contratação de empresa especializada em fornecimento de cilindros e recargas de cilindros de oxigênio medicinal com fluxômetro, válvula e régua conforme demanda da secretaria municipal de saúde de josé gonçalves de minas/mg","2025-04-03"
"023","2025","Inexigibilidade","Credenciamento de pessoa jurídica ou pessoa física visando a contratação de artistas nas categorias de cantor(a), dupla e bandas de renome local/regional pequeno e médio porte para apresentações musicais, em diferentes estilos, bem como locução para atender os eventos e festividades realizadas e apoiadas pelo município de José Gonçalves de Minas/MG","2025-03-13"
"022","2025","Inexigibilidade","Contratação do profissional artístico NANDO MORENO por meio da empresa NOVOS TEMPOS PRODUÇÕES ARTÍSTICAS para realização de show musical no dia 29 de março de 2025, a realizar-se na praça pública José Lago de Mendonça em comenoração ao tradicional aniversário de emancipação do município de José Gonçalves de Minas-MG","2025-03-13"
"021","2025","Adesão à Ata","Adesão de Ata de Registro de preços nº 102/2024 - Processo Licitatório nº 037/2024 - do Pregão Eletrônico Para Registro de Preços 016/2024do Município de Santana do Paraiso/MG,  para aquisição de duas vans de acordo com as Resoluções: Resolução 9.797/2024  e RESOLUÇÃO SES Nº 9.914/2024. Aquisição de uma    ambulância, Simples Remoção (Tipo A) de acordo com a DELIBERAÇÃO CIB-SUS/MG Nº 4.663/2024 pera Secretaria Municipal de Saúde no município de José Gonçalves de Minas.","2025-03-11"
"020","2025","Inexigibilidade","Locação de imóvel para funcionamento do ALMOXARIFADO, atendendo as necessidades da Secretaria Municipal de Saúde de José Gonçalves de Minas/MG.","2025-02-28"
"019","2025","Inexigibilidade","Locação de imóvel com espaços adequados para funcionamento dos serviços de atendimento da Secretaria Municipal de Assistência Social, Habitação e Trabalho da Prefeitura Municipal de José Gonçalves de Minas.","2025-08-29"
"018","2025","Inexigibilidade","Locação de imóvel com espaços adequados para atender para atender as oficinas do Serviço de Convivência e Fortalecimento de Vínculos-SCFV, referenciado ao CRAS conforme necessidade da Secretaria Municipal de Assistência Social, Habitação e Trabalho, da Prefeitura Municipal de José Gonçalves de Minas.","2025-02-28"
"017","2025","Contratatação direta","Contratação de empresa especializada em fornecimento de pneus novos, para manutenção da frota de veículos do município de josé gonçalves de minas/mg, nas quantidades e exigências estabelecidas neste instrumento, realizado através de dispensa de licitação.","2025-03-06"
"016","2025","Pregão Eletrônico","Registro de Preço para futura e eventual contratação de empresa para locação e instalação de infraestrutura para eventos e festividades a serem realizados pelo Município de José Gonçalves de Minas/MG.","2025-03-05"
"015","2025","Contratatação direta","Contratação de prestação de serviços técnico-especializados de assessoria e consultoria em planejamento e gestão nos procedimentos de compras, licitações e contratações públicas bem como capacitação para os servidores responsáveis pelos procedimentos de compras municipal","2025-03-12"
"014","2025","Inexigibilidade","Contratação de empresa especializada na prestação de serviços de pesquisa e comparação de preços no sistema online do Banco de Preços com base nos preços praticados pela administração pública referente aos resulados de licitação adjudicados e homologados.","2025-02-26"
"013","2025","Credenciamento","Credenciamento de empresa especializada para prestação de serviços de máquinas pesadas e caminhões, inclusas as despesas com operadores e/ou motoristas, com encargos sociais, as despesas com a manutenção dos equipamentos, incluindo combustíveis e lubrificantes e demais despesas para manutenção dos serviços municipais, conforme especificações constantes no Termo de Referência Anexo I deste Edital","2025-02-27"
"012","2025","Dispensa","Contratação de empresa especializada na prestação de serviços de digitalização do acervo documental desta prefeitura municipal e a indexação de documentos com a utilização de software de tratamento de imagem e geração de arquivos em formato PDF pesquisável, com armazenamento em nuvem e treinamento inclusos.","2025-02-26"
"011","2025","Pregão Eletrônico","Registro de preços para futura e eventual aquisição de materiais de construção civil, atendendo as necessidades da secretaria municipal obras.","2025-03-06"
"010","2025","Credenciamento","Credenciamento de pessoa jurídica ou pessoa física para execução de serviços terceirizados/fornecimento de mão de obra nas áreas de serviços de limpeza, mecânicos, construção, conservação e manutenção de equipamentos, sistema de abastecimento de água, vias, praças, canteiros, espaços e prédios públicos e logradouros em geral, no perímetro urbano e rural do município de José Gonçalves de Minas/MG","2025-02-11"
"009","2025","Credenciamento","Credenciamento de empresa especializada para a prestação de serviço de transporte escolar de alunos da rede municipal e estadual de ensino do município de José Gonçalves de Minas/MG.","2025-02-07"
"008","2025","Dispensa","Contratação de empresa para Locação de Estrutura (Palco, Iluminação, Sonorização, Painel de Led e Grid), para os festejos na Comunidade de Catutiba nos dias 01 e 02 de fevereiro de 2025.","2025-01-31"
"007","2025","Inexigibilidade","CONTRATAÇÃO DE SHOW ARTITISCO DE EDMILSON BATISTA PARA A TRADICIONAL FESTA DE SÃO BRÁS, A REALIZAR-SE NO DIA 01 DE FEVEREIRO DE 2025 NO POVOADO DE CATUTIBA, MUNICÍPIO DE CIDADE DE JOSÉ GONÇALVES DE MINAS – MG","2025-01-27"
"006","2025","Inexigibilidade","Contratação de sistema/software para orçamentação eletrônica de peças de máquinas pesadas, motocicletas, veículos e caminhões, destinadas a manutenção e recuperação da frota de veículos e máquinas da administração municipal com treinamento incluso.","2025-01-22"
"005","2025","Dispensa","Contratação de empresa para prestação dos serviços de Elaboração, atualização, manutenção, migração de conteúdo, backup de plataforma anterior, hospedagem do website oficial e Portal da Transparência (SICOM), Criação e manutenção dos e-mails Institucionais do município de José Gonçalves de Minas/MG.","2025-01-15"
"004","2025","Dispensa","Contratação do CONSÓRCIO INTERMUNICIPAL DE SAÚDE DO ALTO JEQUITINHONHA-CISAJE, para a prestação de serviços médicos, na área de assistência à saúde pública, em nível ambulatorial...","2025-01-16"
"003","2025","Inexigibilidade","Locação de imóvel destinado para ao funcionamento do Conselho Tutelar no município de José Gonçalves de Minas-MG.","2025-01-14"
"002","2025","Inexigibilidade","Contratação de show artitisco o garanhão do forró para a festa de santa rita de cássia na comunidade de santa rita, no município de José Gonçalves de Minas-MG","2025-01-09"
"001","2025","Dispensa","ontratação de empresa para Locação de Estrutura (Palco, Iluminação, Sonorização, Painel de Led, Gerador e Grid), para os festejos na Comunidade de Santa Rita nos dias 11 e 12 de Janeiro de 2025","2025-01-07"
"053","2024","Compra direta","Contratação de empresa especializada para Prestação de serviços de manutenção de veículo automotor (inclusos peças de reposição e hora/homem mecânica pesada) para VAN MASTER GRAND FURGÃO placa: RHV5A42, Sec. Mun. de Saúde de José Gonçalves de Minas/MG.","2024-12-20"
"043","2024","Pregão Eletrônico","Registro de preços, pelo período de 12 meses, para futura e eventual contratação de empresa especializada no gerenciamento da frota de veículos do Município de José Gonçalves de Minas - MG","2025-06-16"
"038","2024","Pregão Eletrônico","REGISTRO DE PREÇOS PARA AQUISIÇÃO DE GÊNEROS ALIMENTÍCIOS, PARA ATENDER AS DEMANDAS DAS SECRETARIAS MUNICIPAIS QUE COMPÕEM A PREFEITURA MUNICIPAL DE JOSÉ GONÇALVES DE MINAS – MG.","2024-08-19"
"036","2024","Inexigibilidade","contratação de show artitisco da banda kit ilusão para a tradicional festa de nossa senhora aparecida a realizar-se no dia 26 de outubro de 2024 no povoado de Ijicatu - José Gonçalves de Minas – MG","2024-09-11"
"035","2024","Pregão Eletrônico","Registro de preços para futura e eventual aquisição de Motobombas, Painéis de Comando entre outras peças e Materiais para o sistema de abastecimento de água das comunidades Rurais do Município, atendendo as necessidades da Secretaria Municipal Obras.","2024-09-11"
"034","2024","Pregão Eletrônico","Registro de Preços para contratação de empresas para prestação de serviços de locação de veículos leves e pesados para atender às necessidade","2024-09-16"
"033","2024","Inexigibilidade","Contratação de show artístico de Gusttavo Oliveira para a tradicional festa de nossa senhora aparecida, a realizar-se no dia 11 de outubro de 2024 na cidade de José Gonçalves de Minas/MG","2024-08-21"
"032","2024","Dispensa","Aquisição de 01 (um) Suporte para big-bag (elevador de carga), destinado atender as necessidades do departamento de meio ambiente da secretaria municipal de agricultura meio ambiente e desenvolvimento urbano de José Gonçalves de Minas","2024-08-16"
"031","2024","Pregão Eletrônico","Registro de preços para futura e eventual aquisição de materiais didáticos, pedagógicos, escolares, expediente, brinquedos, lojas e artigos têxteis para manutenção da Secretarias Municipais.","2024-08-13"
"030","2024","Inexigibilidade","Contratação de show artitisco do cantor Japãozin para a tradicional festa de nossa senhora aparecida a realizar-se no dia 11 de outubro de 2024 na cidade de JoAsé Gonçalves de Minas-MG","2024-07-29"
"029","2024","Inexigibilidade","Contratação de show artístico do cantor Washington Brasileiro para a tradicional festa de nossa senhora aparecida a realiza-se no dia 12 de outubro de 2024 na cidade de José Gonçalves de Minas-MG","2024-07-19"
"027","2024","Dispensa","Contratação de empresa especializada em ministrar aulas de coral e fanfarra, nas áreas culturais, atendendo às necessidades do espaço cultural, órgão pertencente a prefeitura municipal de José Gonçalves de Minas/MG","2024-07-29"
"026","2024","Dispensa","Contratação de empresa para prestação do Serviço de Outsourcing de Impressão, contemplando instalação de impressoras multifuncionais, monocromática (preto e branco), policromática (colorida), com provimento de todos os suprimentos originais, toner, componentes, insumos originais, manutenção preventiva e corretiva e suporte, exceto papel","2024-07-18"
"025","2024","Dispensa","Contratação de pessoa jurídica para prestamento de serviço de assessoria e consultoria na área de projetos, acompanhamento e prestação de contas dos recursos oriundos de órgãos da esfera estadual e federal, junto à secretaria de educação do município","2024-07-01"
"024","2024","Dispensa","Aquisição de 01 (um) veículo (motocicleta), destinado atender as necessidades do departamento de meio ambiente da secretaria municipal de agricultura meio ambiente e desenvolvimento urbano de José Gonçalves de Minas","2024-06-28"
"023","2024","Dispensa","Aquisição de toner/cartuchos para impressoras conforme a necessidade das secretarias e setores da administração pública do município de josé gonçalves de minas","2024-06-26"
"020","2024","Pregão Eletrônico","Aquisição de equipamentos sendo: Prensa Enfardadeira vertical, Balança Eletrônica 300 Kg, Moinho triturador de vidro e Elevador para Fardos, conforme descriminado no Termo de Referência para atender as necessidades da coleta seletiva do município de José Gonçalves de Minas.","2024-06-27"
"019","2024","Concorrência","Contratação de Empresa Especializada para execução de Pavimentação em vias públicas rurais do município de José Gonçalves de Minas/MG, conforme proposta nº 056345/2023 CONTRATO DE REPASSE Nº948565/2023/MIDR/CAIXA.","2024-06-18"
"018","2024","Pregão Eletrônico","Registro de preços para aquisição de uniformes personalizados, a fim de atender às necessidades das secretarias municipais da prefeitura de José Gonçalves de Minas-MG","2024-06-19"
"017","2024","Credenciamento","Credenciamento de empresas ou entidades especializadas para a realização de exames laboratoriais de análises clínicas, ao preço da tabela SUS MUNICIPAL, para os pacientes do Município de José Gonçalves de Minas - MG","2024-05-22"
"015","2024","Dispensa","Contratação de empresa especializada para prestação de serviços de organização, planejamento e realização de processo seletivo simplificado da prefeitura municipal de José Gonçalves de Minas – MG","2024-05-07"
"014","2024","Pregão Eletrônico","Registro de Preços para Contratação de empresa para fornecimento de alimentação escolar (merenda) com entrega parcelada em cronograma fornecido pela Secretaria Municipal de Educação, para atender os estudantes matriculados na rede municipal de educação do Município de José Gonçalves de Minas.","2024-05-22"
"011","2024","Pregão Eletrônico","Registro de Preços para aquisição de gêneros Alimentícios relacionados a padarias e lanchonetes para atendimento das SECRETARIAS E SETORES DA ADMINISTRAÇÃO PÚBLICA MUNICIPAL no Município de José Gonçalves de Minas/MG.","2024-05-20"
"009","2024","Pregão Eletrônico","Contratação e empresa para prestação de serviços de transporte escolar, objetivando transmover alunos da rede municipal e estadual de ensino, para atender as demandas da secretaria municipal de educação do município de José Gonçalves de Minas/MG,","2024-05-06"
"007","2024","Pregão Eletrônico","Registro de Preços para Aquisição de combustível (Etanol Hidratado, Gasolina Aditivada, Gasolina Comum, Diesel Comum s-500 e óleo diesel S-10), a fim de atender às necessidades de abastecimento da Frota Municipal de José Gonçalves de Minas – MG.","2024-04-10"
"003","2024","Dispensa","Contratação de empresa especializada na prestação de serviços específicos de saúde e segurança do trabalho (sst), nas áreas de engenharia de segurança e medicina do trabalho para o comprimento das obrigações dispostas pelo e-social, atendendo as necessida","2024-02-28"
"002","2024","Inexigibilidade","Contratação de show gospel com Gislaine e Mylena para apresentação no dia 22 de março de 2024 para comemoração do ""dia do evangelico"", conforme lei municipal 223/2011, concomitante ao 28º aniversário da cidade","2024-02-26"
"001","2024","Inexigibilidade","Contratação de Shows artísticos para o 28º aniversário da cidade de José Gonçalves de Minas.","2024-02-23"
"104","2023","Pregão Presencial","Registro de Preços para futura e eventual aquisição de PNEUS, CÂMARA DE AR e PROTETORES NOVOS, para atender a frota de veículos e máquinas do Município de José Gonçalves de Minas/MG","2023-12-05"
"074","2023","Tomada de Preço","alçamento de 2.127,41 m² em bloquete -E=8 CM- FCK=35MPA, execução de 931,00 m de sarjeta de concreto urbano (scu), tipo 1, com FCK 15 MPA, largura de 50 cm com inclinação de 3% e instalação de 931 m de meio-fio, em concreto com FCK 15MPA, pré- moldado, MFC-01 padrão DEER-MG,","2023-08-28"
"063","2023","Tomada de Preço","Contratação de empresa especializada para REFORMA NA QUADRA POLIESPORTIVA de Ijicatu no Município de José Gonçalves de Minas/MG","2023-06-29"
"060","2023","Pregão Eletrônico","Aquisição de Motocicleta que deverá ser utilizado para transporte de equipe do setor de vigilância epidemiológica, para o fortalecimento das ações de prevenção e promoção da Vigilância Epidemiológica de acordo com a RESOLUÇÃO SES/MG N° 7.733","2023-06-19"
"055","2023","Pregão Eletrônico","Aquisição de Motocicleta que deverá ser utilizado para transporte de equipe do setor de vigilância epidemiológica, para o fortalecimento das ações de prevenção e promoção da Vigilância Epidemiológica de acordo com a RESOLUÇÃO SES/MG N° 7.733","2023-05-16"
"053","2023","Pregão Eletrônico","Aquisição de mobiliário e/ou equipamento escolar, destinados ao atendimento de alunos matriculados em escolas da rede municipal de ensino, conforme descrito no plano de aplicação de recursos.","2023-05-12"
"044","2023","Pregão Eletrônico","Aquisição de equipamentos e materiais permanentes em atendimento a resolução 8095/2022 da secretaria municipal de saúde do município de josé gonçalves de minas-mg","2023-04-14"
"015","2023","Tomada de Preço","Contratação de empresa especializada para pavimentação em bloquetes e manilhamento na comunidade de santa rita, no município de josé gonçalves de minas/mg","2023-03-03"
"000","2023","Tomada de Preço","Pavimentação em Bloquetes de vias do município de José Gonçalves De Minas.","2023-01-17"
